Flytime Festival,100,[0-0;0-1;0-2;1-3;1-5;2-4;2-5;3-6;3-7;4-8;4-9;5-1;5-4;6-7;7-2;8-3;8-4;9-1;9-2]
Kamikaze Reunion,99,[0-0;0-1;0-3;1-4;1-5;2-0;2-1;3-2;4-3;5-4;6-5;7-6;8-7;9-8;9-9;2-8;3-8;3-11;3-12]
Rockverse Live,100,[0-0;0-1;1-2;1-3;2-4;2-5;3-6;3-7;4-8;4-9;5-0;5-1;6-2;6-3;7-4;7-5;8-6;8-7;9-8]
Thaitanium,100,[0-0;0-1;0-2;1-3;1-4;2-5;2-6;3-7;3-8;4-9;5-0;5-1;5-2;6-3;6-4;7-5;7-6;8-7]
We Rose You Live,100,[0-0;1-1;2-2;3-3;4-4;5-5;6-6;7-7;8-8;9-9;0-3;1-4;2-5;3-6;3-10;2-13]
Bodyslam,100,[0-0;0-1;1-2;2-3;2-4;3-5;4-6;5-7;5-8;6-9;7-1;8-2;9-3;0-15;1-14]
Music Festival 2025,100,[0-0;0-1;0-2;1-3;1-4;1-5;2-6;3-7;4-8;5-9;6-0;7-1;8-2;9-3;9-4;9-5;3-5;3-4]
Lets Charm Fest,40,[0-0;0-1;0-2;1-3;2-4;3-5;4-6;5-7;6-8;7-9;8-0;9-1;9-2]
Music Festival 2024,5,[0-0;1-1;2-2;3-3;4-4;5-5;6-6;7-7;8-8;9-9;0-5;1-6;2-7;3-8]
Mars Festival,100,[0-0;0-1;0-2;1-3;1-4;1-5;2-6;3-7;3-8;4-9;5-0;6-1;6-2;7-3;7-4;8-5;8-6;9-7;9-8;9-9]
Night Party,1,[0-0;0-1;0-2;1-3;1-4;2-5;3-6;4-7;5-8;6-9;7-0;8-1;9-2;9-3]
Tilly Birds Live,33,[0-0;1-1;2-2;3-3;4-4;5-5;6-6;7-7;8-8;9-9;0-4;1-5;2-6;3-7;4-8]
Wonder Wave Festival,40,[0-0;0-1;1-2;1-3;2-4;2-5;3-6;3-7;4-8;4-9;5-0;5-1;6-2;6-3;7-4;8-5;9-6;9-7]
GAVIN:D Live in Concert,50,[0-0;0-1;0-2;0-3;0-4;0-5;0-6;0-7;0-8;0-9;1-0;1-1;1-2;1-3;1-4;1-5;1-6;1-7;1-8;1-9;2-0;2-1;2-2;2-3;2-4;2-5;2-6;2-7;2-8;2-9;3-0;3-1;3-2;3-3;3-4;3-5;3-6;3-7;3-8;3-9;4-0;4-1;4-2;4-3;4-4;4-5;4-6;4-7;4-8;4-9;5-0;5-1;5-2;5-3;5-4;5-5;5-6;5-7;5-8;5-9;6-0;6-1;6-2;6-3;6-4;6-5;6-6;6-7;6-8;6-9;7-0;7-1;7-2;7-3;7-4;7-5;7-6;7-7;7-8;7-9;8-0;8-1;8-2;8-3;8-4;8-5;8-6;8-7;8-8;8-9;9-0;9-1;9-2;9-3;9-4;9-5;9-6;9-7;9-8;9-9;0-10;0-11;1-10;1-11;2-10;2-11;3-10;3-11;4-10;4-11;0-12;0-13;1-12;1-13;2-12;2-13;3-12;3-13;4-12;4-13;0-14;0-15;1-14;1-15;2-14;2-15;3-14;3-15;4-14;4-15]
Maiyarap Summer Cool Party,0,[0-0;0-1;0-2;0-3;0-4;0-5;0-6;0-7;0-8;0-9;1-0;1-1;1-2;1-3;1-4;1-5;1-6;1-7;1-8;1-9;2-0;2-1;2-2;2-3;2-4;2-5;2-6;2-7;2-8;2-9;3-0;3-1;3-2;3-3;3-4;3-5;3-6;3-7;3-8;3-9;4-0;4-1;4-2;4-3;4-4;4-5;4-6;4-7;4-8;4-9;0-10;0-11;1-11;1-10;2-10;2-11;3-10;3-11;4-10;4-11;4-12;4-13;3-12;3-13;2-12;2-13;1-13;1-12;0-12;0-13;0-15;0-14;1-15;1-14;2-15;2-14;3-15;3-14;4-14;4-15]
MI4DX,100,[]
